xmin,ymin,xmax,ymax,id,conf,class
1272.2695,206.6808,1503.8379,643.54877,1.0,0.8937739,0.0
292.7754,179.72057,549.60254,524.84644,2.0,0.58651453,0.0
958.69824,654.6603,1257.8838,1072.0961,3.0,0.89599043,0.0
873.4324,50.858433,999.15967,259.48218,4.0,0.53186715,0.0
114.21343,255.14857,266.62915,685.13666,9.0,0.65483755,0.0
1512.6444,404.8646,1679.9988,775.72504,11.0,0.8565791,0.0
