xmin,ymin,xmax,ymax,id,conf,class
1249.909,293.25122,1478.7319,799.3342,1.0,0.89530516,0.0
349.05585,174.22073,526.7008,437.35995,2.0,0.6775061,0.0
926.40155,26.296597,1048.4137,274.76303,3.0,0.6572082,0.0
1321.1692,588.13513,1621.8336,1070.1489,4.0,0.8367934,0.0
39.73018,319.2285,229.8208,738.11475,5.0,0.3413045,0.0
992.70703,613.09143,1303.3018,1067.9106,6.0,0.55250764,0.0
