xmin,ymin,xmax,ymax,id,conf,class
1275.4132,222.23047,1474.9028,655.3161,1.0,0.84310144,0.0
349.5258,164.6179,513.39575,426.86688,2.0,0.7498318,0.0
934.3855,22.876093,1050.8734,279.20157,3.0,0.6679109,0.0
1262.644,588.02954,1557.9707,1070.9017,4.0,0.79155594,0.0
14.024308,306.94147,233.31013,747.1253,5.0,0.5683236,0.0
1043.1366,485.897,1292.6464,959.70386,6.0,0.60610896,0.0
525.0648,103.64609,758.99054,487.75235,8.0,0.8202369,0.0
