xmin,ymin,xmax,ymax,id,conf,class
1277.1158,242.01482,1503.6937,648.816,1.0,0.87603277,0.0
348.81128,168.91203,524.9357,432.3326,2.0,0.7472774,0.0
935.372,23.109657,1051.356,282.06662,3.0,0.676444,0.0
1262.7633,575.0233,1557.6228,1068.7996,4.0,0.82142144,0.0
14.226554,299.0647,233.8972,745.2684,5.0,0.60724163,0.0
1045.0913,513.84125,1320.1232,892.365,6.0,0.15371774,0.0
487.62756,107.39539,666.66095,487.59384,8.0,0.8534378,0.0
