xmin,ymin,xmax,ymax,id,conf,class
1256.7257,247.10947,1483.9105,735.84265,1.0,0.84823626,0.0
348.45193,147.58818,525.7575,443.84332,2.0,0.616557,0.0
934.32794,24.80407,1050.2119,281.6483,3.0,0.6965916,0.0
1235.5132,587.4613,1606.3196,1071.4612,4.0,0.849175,0.0
15.879664,315.48737,267.5797,744.79315,5.0,0.42511234,0.0
990.6303,541.894,1266.762,1072.0986,6.0,0.76845104,0.0
