xmin,ymin,xmax,ymax,id,conf,class
1231.7937,167.20996,1416.7372,595.1507,1.0,0.874983,0.0
335.28278,168.24814,523.459,487.29196,2.0,0.5279758,0.0
959.5641,657.09265,1241.1877,1072.6229,3.0,0.8497885,0.0
958.48505,51.084103,1095.9393,278.17062,4.0,0.50455916,0.0
110.56974,249.73302,273.07465,683.7409,9.0,0.5873713,0.0
1447.834,346.22528,1618.0269,687.48834,11.0,0.8525575,0.0
