xmin,ymin,xmax,ymax,id,conf,class
321.01755,165.96786,544.4554,520.3792,2.0,0.42499253,0.0
933.5507,642.5338,1282.8221,1070.5029,3.0,0.79418224,0.0
1187.5471,128.33478,1370.0189,451.765,4.0,0.596052,0.0
109.72328,270.9285,301.7025,646.50446,9.0,0.6131185,0.0
1363.3362,287.73636,1527.5332,622.37933,11.0,0.8308092,0.0
