xmin,ymin,xmax,ymax,id,conf,class
1257.5339,242.90088,1463.5001,713.9796,1.0,0.8917898,0.0
348.4707,173.2712,523.7155,444.17307,2.0,0.6336161,0.0
934.4536,24.29558,1049.3923,274.71252,3.0,0.7112079,0.0
1240.9158,628.2918,1585.7134,1072.3821,4.0,0.8357917,0.0
29.734312,317.78726,248.227,742.46436,5.0,0.5433983,0.0
982.65564,542.1005,1255.1747,1072.3741,6.0,0.76867336,0.0
273.78293,111.36589,382.39667,337.76495,7.0,0.17624581,0.0
