xmin,ymin,xmax,ymax,id,conf,class
1228.8099,298.35577,1477.7965,804.55634,1.0,0.9073574,0.0
352.67374,173.11705,528.64124,437.32104,2.0,0.73651326,0.0
926.6653,27.030556,1048.2667,264.7696,3.0,0.6739517,0.0
1327.5604,586.93176,1651.369,1067.2428,4.0,0.8259577,0.0
39.19038,336.0325,230.33916,736.34735,5.0,0.28691596,0.0
