xmin,ymin,xmax,ymax,id,conf,class
1280.1997,244.57979,1506.6377,676.93445,1.0,0.79715407,0.0
346.8407,175.82582,535.56354,446.87228,2.0,0.53297055,0.0
935.02985,23.340788,1051.2709,282.322,3.0,0.6816914,0.0
1256.0774,581.63654,1604.9613,1070.331,4.0,0.70148826,0.0
16.401842,291.13416,233.81017,744.5411,5.0,0.411774,0.0
1005.3484,539.15186,1281.2411,1070.3472,6.0,0.6587013,0.0
