xmin,ymin,xmax,ymax,id,conf,class
1283.6118,216.89006,1464.5027,683.2505,1.0,0.8304125,0.0
346.97504,161.05827,505.1784,424.89087,2.0,0.74900246,0.0
933.7429,23.550053,1050.7388,280.453,3.0,0.65614223,0.0
1261.8741,606.4468,1557.685,1071.1619,4.0,0.8797418,0.0
16.034204,301.3532,233.36504,747.31635,5.0,0.3512008,0.0
1026.0712,608.4157,1327.3274,1075.2375,6.0,0.187334,0.0
525.96466,103.981865,782.0638,472.224,8.0,0.8032254,0.0
