xmin,ymin,xmax,ymax,id,conf,class
334.74368,146.93396,523.83826,533.9743,2.0,0.64204544,0.0
1030.8004,452.39633,1380.6868,1066.7997,3.0,0.8485652,0.0
89.96742,266.8011,295.22583,635.8422,9.0,0.4964134,0.0
1452.0422,680.6281,1773.5765,1069.4857,15.0,0.5465701,0.0
1255.2535,176.48438,1445.9199,658.3461,1.0,0.7916431,0.0
516.176,40.403496,617.6076,330.54556,17.0,0.6049352,0.0
1105.4624,93.40036,1232.7745,389.16287,16.0,0.6084581,0.0
1282.5299,599.23553,1397.5542,859.50916,18.0,0.4126896,26.0
