xmin,ymin,xmax,ymax,id,conf,class
1252.0294,257.10995,1467.8821,760.6187,1.0,0.87717587,0.0
353.13318,173.86305,524.79803,441.04932,2.0,0.69327,0.0
932.1978,24.767092,1048.896,277.80014,3.0,0.7021815,0.0
1269.7279,628.58875,1589.0496,1073.7383,4.0,0.806447,0.0
44.41553,303.8018,295.88733,745.707,5.0,0.36957392,0.0
983.4922,597.642,1224.4625,1073.1812,6.0,0.7466059,0.0
291.21216,105.449905,383.5815,354.3172,7.0,0.6032864,0.0
