xmin,ymin,xmax,ymax,id,conf,class
342.73804,138.44345,524.29877,518.50085,2.0,0.5687446,0.0
965.37244,625.4781,1341.9397,1070.8185,3.0,0.38016942,0.0
1312.9778,255.39542,1542.8787,816.46796,4.0,0.8097259,0.0
106.45749,261.8403,300.8493,667.6569,9.0,0.6589122,0.0
1320.3485,614.6482,1779.8699,1064.5345,15.0,0.46685925,0.0
1143.6249,85.564316,1275.1487,406.62662,1.0,0.56777006,0.0
