xmin,ymin,xmax,ymax,id,conf,class
1236.8497,296.46912,1478.8422,802.4372,1.0,0.90385777,0.0
351.49625,174.24222,529.60095,436.27545,2.0,0.7129792,0.0
926.8459,25.733858,1048.397,274.29877,3.0,0.65015113,0.0
1323.6578,584.2763,1631.1428,1068.2671,4.0,0.81937337,0.0
39.754745,331.45325,233.80293,737.31244,5.0,0.21496001,0.0
991.45154,609.95233,1285.1172,1064.1765,6.0,0.64724594,0.0
