xmin,ymin,xmax,ymax,id,conf,class
1271.8088,210.93811,1457.6313,669.6923,1.0,0.84951854,0.0
267.69012,173.98181,527.63934,539.2982,2.0,0.7151078,0.0
986.05286,638.18274,1269.8517,1072.609,3.0,0.83384603,0.0
885.74194,18.876509,1022.087,262.3887,4.0,0.5662505,0.0
108.15697,263.97748,294.93973,665.0375,9.0,0.5421428,0.0
1527.9182,439.49872,1732.3551,803.18616,11.0,0.84408015,0.0
