xmin,ymin,xmax,ymax,id,conf,class
1282.5348,216.96324,1460.666,682.0881,1.0,0.8128532,0.0
345.6748,160.56078,504.81876,426.82172,2.0,0.78022844,0.0
933.96643,23.983028,1050.5083,280.34488,3.0,0.67324185,0.0
1261.4943,612.69275,1557.579,1070.9825,4.0,0.86044806,0.0
16.183678,302.49585,232.66759,746.9488,5.0,0.39540765,0.0
542.6301,106.417145,780.4936,454.5336,8.0,0.7582489,0.0
