xmin,ymin,xmax,ymax,id,conf,class
1270.6783,214.52238,1456.2169,669.82446,1.0,0.8413866,0.0
359.1655,161.13918,535.61554,527.8561,2.0,0.6049273,0.0
981.12415,636.27783,1261.6327,1072.9137,3.0,0.8921589,0.0
915.5392,29.221424,1042.9792,262.30115,4.0,0.6496192,0.0
86.41989,262.58737,295.25208,625.3016,9.0,0.6212257,0.0
1520.3796,460.1169,1733.4323,831.1122,11.0,0.79881126,0.0
442.17682,92.22925,610.81836,453.52136,8.0,0.101470396,0.0
