xmin,ymin,xmax,ymax,id,conf,class
1251.4349,245.12616,1458.1632,723.0079,1.0,0.9048798,0.0
352.22607,173.14375,522.44604,443.04834,2.0,0.7074279,0.0
933.8473,24.178463,1049.3589,273.6731,3.0,0.70632803,0.0
1251.6982,641.7591,1580.5942,1071.3984,4.0,0.8136849,0.0
41.08123,318.47552,282.73944,749.7493,5.0,0.28449076,0.0
979.63855,559.5983,1235.9913,1070.0863,6.0,0.714273,0.0
280.17636,110.91647,374.53055,342.09787,7.0,0.31455004,0.0
