xmin,ymin,xmax,ymax,id,conf,class
1278.6495,216.03714,1459.0111,556.1463,1.0,0.745558,0.0
344.00787,155.92441,493.02512,415.848,2.0,0.73142207,0.0
934.1462,24.838945,1049.3608,281.16187,3.0,0.67660344,0.0
1256.6305,635.7414,1561.078,1074.294,4.0,0.8566187,0.0
15.290173,312.79282,233.23618,746.2409,5.0,0.40544662,0.0
549.6086,103.7061,791.99133,484.2317,8.0,0.8001278,0.0
409.66962,47.943123,528.7341,375.056,9.0,0.61486536,0.0
