xmin,ymin,xmax,ymax,id,conf,class
1250.0569,245.43665,1458.1498,727.375,1.0,0.89340496,0.0
350.12643,174.14638,522.13794,443.12537,2.0,0.70656574,0.0
933.3197,24.469776,1049.2664,274.99228,3.0,0.69760615,0.0
1253.3912,643.35956,1580.551,1071.1321,4.0,0.6863916,0.0
41.970444,316.58545,294.57916,747.49384,5.0,0.35850742,0.0
980.86993,568.59045,1221.9814,1071.1254,6.0,0.7364364,0.0
278.03076,112.904175,373.84906,338.49738,7.0,0.29736188,0.0
