xmin,ymin,xmax,ymax,id,conf,class
1252.1345,257.4187,1469.0604,763.58044,1.0,0.8763831,0.0
352.90952,173.96107,524.8112,440.89102,2.0,0.69196546,0.0
932.4421,24.81153,1048.9017,277.95178,3.0,0.7055245,0.0
1270.59,627.6653,1589.7255,1073.4778,4.0,0.82202,0.0
44.3429,302.9915,296.55847,744.93536,5.0,0.3616582,0.0
983.3178,597.4515,1226.4523,1073.3387,6.0,0.7430607,0.0
