xmin,ymin,xmax,ymax,id,conf,class
348.56897,149.20404,524.4808,510.43832,2.0,0.59846926,0.0
1020.3807,596.108,1388.7302,1070.4622,3.0,0.8705737,0.0
1357.5702,321.95535,1587.7996,844.7466,4.0,0.80618644,0.0
108.22497,263.95215,289.8537,667.343,9.0,0.58392346,0.0
1304.3888,609.22687,1734.3821,1061.2598,15.0,0.73806214,0.0
1154.674,103.080956,1344.7714,411.85583,1.0,0.46977732,0.0
515.8553,38.835377,616.84375,326.0858,17.0,0.6198647,0.0
