xmin,ymin,xmax,ymax,id,conf,class
1272.873,217.2356,1452.8414,469.3545,1.0,0.7241278,0.0
328.44208,152.20259,521.967,508.69568,2.0,0.7361142,0.0
1128.6177,639.5593,1421.6602,1072.1792,3.0,0.834907,0.0
928.66473,26.059431,1047.4846,330.59744,4.0,0.5633978,0.0
550.17206,111.516624,803.56635,485.26718,8.0,0.58610106,0.0
44.875504,296.8353,245.71951,747.3852,9.0,0.45293364,0.0
1222.1707,410.4735,1399.5621,713.5561,5.0,0.60409427,0.0
