xmin,ymin,xmax,ymax,id,conf,class
1207.841,305.15387,1476.0383,797.73846,1.0,0.86357486,0.0
351.9183,165.20586,529.6781,438.49377,2.0,0.7084039,0.0
927.49805,26.741575,1048.0582,264.4362,3.0,0.65312517,0.0
1327.523,592.9691,1690.4904,1069.3373,4.0,0.71121675,0.0
41.026016,340.05896,228.82872,738.76746,5.0,0.63982946,0.0
