xmin,ymin,xmax,ymax,id,conf,class
338.84457,152.76678,519.2487,536.6327,2.0,0.53959316,0.0
1024.153,434.79172,1363.4484,1063.9248,3.0,0.8522729,0.0
81.33776,267.90012,294.86725,631.1566,9.0,0.47536284,0.0
1354.9436,683.4463,1740.7496,1071.191,15.0,0.59777325,0.0
1237.4631,183.86479,1438.8066,642.9349,1.0,0.5451621,0.0
515.49744,40.66262,616.5724,329.36105,17.0,0.6448675,0.0
1110.7725,98.35587,1230.472,381.44678,16.0,0.44502687,0.0
1281.6123,570.7647,1398.7235,828.5334,18.0,0.6315617,26.0
