xmin,ymin,xmax,ymax,id,conf,class
1280.6888,220.11371,1476.145,653.90393,1.0,0.8552516,0.0
349.23575,164.37971,510.82498,427.91998,2.0,0.753333,0.0
1263.0286,590.6545,1555.4227,1070.8795,3.0,0.8455595,0.0
934.2799,22.7841,1051.0745,280.1778,4.0,0.6614121,0.0
1076.4362,486.88165,1303.8807,759.01587,5.0,0.38607633,0.0
533.99146,105.15542,760.2118,486.10895,8.0,0.8045297,0.0
14.052392,302.7094,234.89235,747.7957,9.0,0.5903979,0.0
