xmin,ymin,xmax,ymax,id,conf,class
1217.3672,140.37106,1373.1627,541.9392,1.0,0.78409654,0.0
346.69254,152.62363,527.81793,488.51584,2.0,0.45848235,0.0
960.5261,648.83405,1240.4093,1071.7035,3.0,0.85340095,0.0
1004.9704,72.53759,1151.6885,363.82724,4.0,0.70054334,0.0
104.891945,257.76523,283.8579,702.90875,9.0,0.5384276,0.0
1422.5547,314.05856,1569.5869,645.46765,11.0,0.8428209,0.0
