xmin,ymin,xmax,ymax,id,conf,class
1228.0397,303.67062,1479.0469,802.60443,1.0,0.89575124,0.0
352.89932,171.63087,528.4087,436.64423,2.0,0.73135513,0.0
926.874,27.031097,1048.0679,264.1952,3.0,0.66156447,0.0
1334.9803,589.64056,1664.812,1064.5826,4.0,0.7300836,0.0
39.227974,336.32074,230.25485,735.7859,5.0,0.35808495,0.0
