xmin,ymin,xmax,ymax,id,conf,class
1278.9484,215.4261,1460.105,614.6294,1.0,0.7714904,0.0
344.92044,157.76149,495.2277,420.31165,2.0,0.7675513,0.0
934.23737,24.756895,1049.5059,281.1704,3.0,0.6762703,0.0
1254.7603,628.13947,1560.2026,1073.3064,4.0,0.860156,0.0
15.284945,311.05258,232.76819,746.43665,5.0,0.45919243,0.0
550.1639,104.21704,798.5157,482.14908,8.0,0.8021763,0.0
409.18628,45.915436,534.25494,379.05655,9.0,0.6076389,0.0
