xmin,ymin,xmax,ymax,id,conf,class
1250.8162,281.77774,1478.6609,796.1587,1.0,0.8783432,0.0
350.86856,174.17586,523.77313,438.54483,2.0,0.684537,0.0
1302.5315,599.315,1607.4509,1071.4237,3.0,0.8037196,0.0
927.81836,25.704311,1048.6714,269.98315,4.0,0.6682694,0.0
