xmin,ymin,xmax,ymax,id,conf,class
1226.6611,305.76944,1478.7478,801.0123,1.0,0.8872507,0.0
352.43558,170.44188,528.24884,435.33658,2.0,0.7331355,0.0
1352.5961,590.5109,1671.0917,1062.4706,3.0,0.69587404,0.0
927.34705,26.742117,1048.1161,264.33182,4.0,0.66159856,0.0
