xmin,ymin,xmax,ymax,id,conf,class
1258.2611,244.12627,1465.451,714.66064,1.0,0.88701826,0.0
341.9404,155.48778,523.7819,443.9282,2.0,0.39313754,0.0
934.25476,24.56346,1049.8055,277.57004,3.0,0.69434005,0.0
1236.3047,619.5209,1589.0502,1072.1886,4.0,0.84249276,0.0
23.153662,314.49707,235.09445,742.67926,5.0,0.55409133,0.0
987.6623,545.02783,1256.3871,1071.9777,6.0,0.5731218,0.0
