xmin,ymin,xmax,ymax,id,conf,class
1274.0889,214.76945,1473.7896,642.8274,1.0,0.8871069,0.0
289.3371,180.50525,534.5889,525.3024,2.0,0.50618935,0.0
956.5706,649.6349,1267.2778,1072.9912,3.0,0.9094522,0.0
868.4604,41.08228,997.64575,251.07535,4.0,0.5883789,0.0
115.03561,259.53323,266.73087,685.60046,9.0,0.69859195,0.0
1513.5267,436.30017,1727.1055,791.099,11.0,0.80718863,0.0
