xmin,ymin,xmax,ymax,id,conf,class
1274.6049,222.5821,1480.7721,653.40027,1.0,0.849152,0.0
349.42148,165.0238,512.6702,428.1041,2.0,0.7808482,0.0
934.1361,22.390137,1050.9656,278.94156,3.0,0.6546329,0.0
1260.847,586.1506,1560.6676,1070.112,4.0,0.75716436,0.0
12.397968,303.4174,234.07912,747.4385,5.0,0.59135455,0.0
1057.8087,491.91953,1282.7141,783.4626,6.0,0.4080567,0.0
520.6831,105.67742,746.8814,489.0378,8.0,0.79713196,0.0
