xmin,ymin,xmax,ymax,id,conf,class
1206.4075,306.52472,1480.9929,804.17444,1.0,0.8219294,0.0
351.69904,163.76093,528.99304,435.9225,2.0,0.69963115,0.0
925.44653,26.177109,1047.9153,260.93323,3.0,0.64061165,0.0
1406.0522,593.23303,1694.6792,1065.3555,4.0,0.637804,0.0
