xmin,ymin,xmax,ymax,id,conf,class
1236.1661,114.377625,1347.5233,422.72708,1.0,0.6526968,0.0
327.2235,160.4932,534.6734,515.7237,2.0,0.4736553,0.0
933.9111,645.7629,1256.3256,1070.9904,3.0,0.7439543,0.0
1102.4746,118.813156,1264.7137,413.09387,4.0,0.63337547,0.0
110.35261,271.14453,298.17038,642.90485,9.0,0.608279,0.0
1361.9093,290.8277,1522.1937,618.4118,11.0,0.8204909,0.0
