xmin,ymin,xmax,ymax,id,conf,class
1251.9182,257.07803,1467.6519,759.64996,1.0,0.8769225,0.0
353.15372,173.82124,524.7585,441.09204,2.0,0.6929519,0.0
932.08624,24.769403,1048.8921,277.75204,3.0,0.7014225,0.0
1269.3431,628.90155,1589.0337,1073.7673,4.0,0.80710113,0.0
44.4089,304.79553,295.7076,745.9951,5.0,0.37442598,0.0
983.55133,597.82574,1223.5625,1073.1466,6.0,0.74936926,0.0
291.23697,105.42446,383.5569,354.19302,7.0,0.6043432,0.0
