xmin,ymin,xmax,ymax,id,conf,class
1273.1299,223.17822,1483.8792,651.7255,1.0,0.8481221,0.0
349.39893,165.56596,512.59906,428.78812,2.0,0.77877027,0.0
934.3093,22.53955,1050.9354,279.22003,3.0,0.6541456,0.0
1261.997,584.5904,1560.7622,1069.7456,4.0,0.7530769,0.0
11.474963,297.92795,235.92097,748.707,5.0,0.59241307,0.0
1054.563,498.6864,1271.3195,788.88007,6.0,0.40585756,0.0
517.978,104.95113,728.4021,489.34903,8.0,0.7954128,0.0
