xmin,ymin,xmax,ymax,id,conf,class
1250.4927,246.21043,1457.9541,730.90234,1.0,0.9009698,0.0
350.6277,173.29283,522.25354,442.35754,2.0,0.69859374,0.0
933.2901,24.675083,1049.2076,275.5327,3.0,0.70907885,0.0
1255.4102,642.0839,1581.8663,1071.846,4.0,0.7675006,0.0
43.061325,314.38083,296.26022,747.1555,5.0,0.3905199,0.0
982.95325,572.4455,1214.1572,1070.0546,6.0,0.65233594,0.0
282.24185,110.92102,378.05438,342.47156,7.0,0.4417735,0.0
