xmin,ymin,xmax,ymax,id,conf,class
1228.0776,303.89224,1479.0116,802.53613,1.0,0.89799243,0.0
352.81213,171.54846,528.3764,437.08575,2.0,0.7274339,0.0
926.63275,27.10075,1048.0923,264.40176,3.0,0.66505724,0.0
1334.2987,589.6239,1664.6526,1064.9579,4.0,0.7510508,0.0
39.24465,336.66565,230.32353,735.99,5.0,0.3824789,0.0
