xmin,ymin,xmax,ymax,id,conf,class
1284.9631,216.88554,1461.9244,689.11163,1.0,0.8273071,0.0
346.33292,159.73355,505.2734,424.484,2.0,0.7619323,0.0
934.1176,24.188347,1050.6157,280.51465,3.0,0.6746607,0.0
1261.4349,607.1643,1557.5887,1070.4141,4.0,0.8826889,0.0
16.23418,304.01038,233.06517,747.4111,5.0,0.36883038,0.0
1026.3599,624.4839,1343.3597,1074.2675,6.0,0.15505579,0.0
525.32776,104.069016,782.516,460.59457,8.0,0.8073197,0.0
