xmin,ymin,xmax,ymax,id,conf,class
1268.5945,248.31642,1492.6385,715.15283,1.0,0.8459397,0.0
349.2238,171.99919,526.2658,440.08896,2.0,0.6378097,0.0
934.12646,24.452826,1050.5482,283.3888,3.0,0.6887149,0.0
1243.5989,581.5269,1595.7354,1071.3215,4.0,0.83260435,0.0
16.662996,309.3534,249.00041,743.3393,5.0,0.43275905,0.0
991.3763,542.5123,1270.4142,1072.1439,6.0,0.7353781,0.0
