xmin,ymin,xmax,ymax,id,conf,class
1280.9904,213.39954,1462.5428,631.7637,1.0,0.7824637,0.0
345.854,158.33214,498.28662,420.717,2.0,0.76828146,0.0
1255.286,619.0374,1556.3883,1072.6436,3.0,0.8758561,0.0
934.3342,23.892508,1050.2051,279.90054,4.0,0.6637291,0.0
538.7446,103.252625,798.41113,478.82516,8.0,0.78350186,0.0
14.266053,291.6514,262.06122,747.22955,9.0,0.5204901,0.0
