xmin,ymin,xmax,ymax,id,conf,class
1270.9867,214.2443,1454.9343,647.4113,1.0,0.84532577,0.0
340.71695,175.66774,549.0405,528.99713,2.0,0.43498918,0.0
1003.35486,611.3874,1282.4418,1071.7678,3.0,0.8794717,0.0
931.8036,29.068535,1049.0421,293.71432,4.0,0.6741359,0.0
559.8633,101.55297,739.21924,487.80716,8.0,0.53817594,0.0
49.359676,263.57053,288.8418,718.18604,9.0,0.4207874,0.0
1380.0658,373.6023,1542.5096,720.3518,5.0,0.6939784,0.0
1406.3065,594.995,1655.7913,1026.5061,11.0,0.7703901,0.0
