xmin,ymin,xmax,ymax,id,conf,class
1269.2067,211.61913,1454.3925,660.49854,1.0,0.85063004,0.0
262.05908,177.13959,509.3999,545.1524,2.0,0.47841114,0.0
972.2162,644.86554,1269.3224,1074.1963,3.0,0.8747223,0.0
885.95703,29.159157,1031.1327,261.44885,4.0,0.7618902,0.0
111.78319,263.61316,303.31165,698.44727,9.0,0.5520532,0.0
1529.699,441.51437,1747.1421,805.63885,11.0,0.8325803,0.0
