xmin,ymin,xmax,ymax,id,conf,class
1276.5747,245.75415,1502.0582,696.4406,1.0,0.82793325,0.0
347.23706,177.01694,527.89764,441.6432,2.0,0.6801667,0.0
934.67255,23.186703,1050.7498,282.15665,3.0,0.6867498,0.0
1252.7424,570.2725,1589.1316,1069.9879,4.0,0.76151836,0.0
16.420603,310.5397,232.19777,743.8625,5.0,0.42491874,0.0
994.9117,541.12366,1285.3132,1070.6317,6.0,0.7009732,0.0
