xmin,ymin,xmax,ymax,id,conf,class
335.3874,126.38664,525.49115,528.564,2.0,0.572334,0.0
937.23254,666.8634,1330.0348,1068.4069,3.0,0.7113049,0.0
1277.4523,190.37689,1472.4547,689.7894,4.0,0.8737469,0.0
108.061295,262.14902,301.65424,650.2789,9.0,0.61904675,0.0
1387.2771,258.48965,1537.0553,624.22314,11.0,0.6875806,0.0
1490.793,641.05316,1886.7249,1072.4885,15.0,0.6174532,0.0
1173.347,99.99049,1316.078,410.4869,1.0,0.80201846,0.0
