xmin,ymin,xmax,ymax,id,conf,class
1273.247,215.82977,1485.1125,642.74567,1.0,0.88043773,0.0
303.50977,181.13898,537.5386,518.98315,2.0,0.27331227,0.0
954.4877,649.2071,1266.7512,1072.3431,3.0,0.9030778,0.0
872.2029,48.39526,988.4503,256.22873,4.0,0.60398644,0.0
114.81799,257.8432,265.25174,684.82416,9.0,0.6816892,0.0
1513.0052,429.9073,1715.3339,786.08624,11.0,0.7504503,0.0
