xmin,ymin,xmax,ymax,id,conf,class
341.24658,154.85512,520.4082,533.574,2.0,0.4493017,0.0
1024.4033,424.28653,1362.6969,1062.705,3.0,0.8454762,0.0
76.05765,270.43732,286.60178,661.5965,9.0,0.34653416,0.0
1280.1512,687.6304,1693.0972,1070.3428,15.0,0.6120684,0.0
1225.3274,189.67615,1431.1133,605.73376,1.0,0.5919726,0.0
513.74817,40.778847,615.6088,329.44434,17.0,0.6548411,0.0
1102.5459,110.837364,1227.4482,401.30103,16.0,0.4327418,0.0
1283.4979,555.4463,1400.53,811.5915,18.0,0.62210995,26.0
