xmin,ymin,xmax,ymax,id,conf,class
1273.369,214.30872,1455.7438,596.27954,1.0,0.8076681,0.0
339.222,168.26564,563.05426,534.4754,2.0,0.8205814,0.0
1034.0355,609.06433,1341.12,1071.1738,3.0,0.86521035,0.0
931.2637,26.925648,1048.9044,308.95932,4.0,0.6036965,0.0
558.4152,113.42422,810.3441,486.91852,8.0,0.63610005,0.0
48.430397,273.94806,278.6209,735.14343,9.0,0.44050255,0.0
1325.708,385.08127,1505.6278,725.9963,5.0,0.4045461,77.0
1377.7932,631.59344,1663.0405,1042.8251,11.0,0.41510114,0.0
