xmin,ymin,xmax,ymax,id,conf,class
1270.9987,214.27318,1455.2186,659.25226,1.0,0.8462188,0.0
354.58713,174.28119,542.4698,527.15356,2.0,0.6697545,0.0
988.9464,617.7787,1266.779,1072.2219,3.0,0.89702237,0.0
932.6708,29.331505,1049.0652,283.41647,4.0,0.67910427,0.0
553.9486,100.51959,693.83307,487.8498,8.0,0.6158032,0.0
50.139576,258.785,291.41733,661.0525,9.0,0.44027263,0.0
1390.0416,368.38184,1557.7573,726.49835,5.0,0.5777736,0.0
1406.5414,574.02875,1655.1951,984.9084,11.0,0.8067852,0.0
