xmin,ymin,xmax,ymax,id,conf,class
1273.5018,247.71758,1498.9187,701.84326,1.0,0.82354623,0.0
347.27853,175.97466,527.28107,440.518,2.0,0.6534728,0.0
933.9199,23.28835,1050.6198,282.9966,3.0,0.68576235,0.0
1250.4329,572.88403,1598.6102,1071.0961,4.0,0.81043845,0.0
16.930864,307.80447,234.14407,743.3286,5.0,0.4343395,0.0
994.29456,540.361,1283.0148,1069.0837,6.0,0.7326194,0.0
