xmin,ymin,xmax,ymax,id,conf,class
1225.1221,145.6001,1379.2832,561.45197,1.0,0.79466414,0.0
346.3305,155.47928,527.12213,491.35394,2.0,0.42215142,0.0
960.1361,651.87115,1247.6794,1071.9109,3.0,0.7528902,0.0
997.9961,66.43261,1139.0651,343.17053,4.0,0.5301004,0.0
108.65169,257.95743,277.3741,702.6307,9.0,0.5313013,0.0
1437.9785,320.8212,1576.9989,663.7974,11.0,0.8071958,0.0
