xmin,ymin,xmax,ymax,id,conf,class
1273.4661,215.79858,1458.2201,474.49783,1.0,0.73572934,0.0
326.07544,158.58243,502.03912,405.46875,2.0,0.7547187,0.0
1200.7617,671.0581,1515.2006,1074.6427,3.0,0.8533005,0.0
929.43176,23.49696,1046.933,281.3091,4.0,0.58431506,0.0
550.07324,104.2096,806.0906,486.21426,8.0,0.6909334,0.0
36.788788,333.07556,232.77519,742.5152,9.0,0.28139278,0.0
1163.0837,417.77347,1355.6792,812.32477,5.0,0.6738219,0.0
