xmin,ymin,xmax,ymax,id,conf,class
1219.5527,114.278984,1347.6649,423.26614,1.0,0.6979636,0.0
337.35126,158.75035,527.2305,509.86978,2.0,0.33719072,0.0
934.6552,645.05853,1245.4027,1072.0375,3.0,0.79784083,0.0
1080.3096,105.00353,1250.4564,410.77792,4.0,0.6478128,0.0
110.171326,270.12042,295.40912,639.4397,9.0,0.56397706,0.0
1362.4087,287.29077,1521.9235,616.93756,11.0,0.7978363,0.0
