xmin,ymin,xmax,ymax,id,conf,class
1258.8228,185.11508,1454.007,632.6984,1.0,0.8641052,0.0
314.87827,178.34201,540.74866,495.70334,2.0,0.45665687,0.0
960.39154,659.67596,1254.65,1072.4402,3.0,0.78360075,0.0
915.3279,48.101418,1056.5312,324.5035,4.0,0.7167638,0.0
114.36627,262.335,265.7114,684.4776,9.0,0.68992674,0.0
1460.9146,378.52545,1661.747,728.58264,11.0,0.83353335,0.0
