xmin,ymin,xmax,ymax,id,conf,class
1273.8503,211.78925,1458.4059,669.7155,1.0,0.8385601,0.0
301.62393,167.24925,521.6575,531.0127,2.0,0.758504,0.0
987.2833,633.549,1274.0485,1073.2578,3.0,0.8488104,0.0
900.7861,20.683588,1024.8872,254.38954,4.0,0.67356724,0.0
101.558266,258.69614,294.24707,636.1302,9.0,0.46773785,0.0
1528.557,444.4504,1723.395,813.5907,11.0,0.8138906,0.0
