xmin,ymin,xmax,ymax,id,conf,class
331.29047,121.03758,526.7677,533.9774,2.0,0.6103035,0.0
941.21826,666.0823,1331.0526,1070.7649,3.0,0.78606033,0.0
1280.5494,201.1006,1486.2697,724.508,4.0,0.77374417,0.0
107.48388,264.6345,303.19272,651.69666,9.0,0.64959353,0.0
1391.2853,265.36115,1543.3038,624.90656,11.0,0.43194282,0.0
1419.8895,640.11456,1869.6195,1072.3091,15.0,0.6225331,0.0
1173.4368,99.13985,1309.891,406.1074,1.0,0.78732014,0.0
