xmin,ymin,xmax,ymax,id,conf,class
1274.2446,216.12776,1453.5482,663.87036,1.0,0.82003087,0.0
376.5567,165.8275,553.39984,535.15216,2.0,0.78963816,0.0
969.4523,633.23236,1251.1914,1072.0944,3.0,0.877803,0.0
932.7851,28.308401,1049.1587,279.2993,4.0,0.6945204,0.0
494.94666,116.61134,628.0205,459.40558,8.0,0.68534493,0.0
69.43739,261.87567,293.08368,628.69995,9.0,0.4211705,0.0
1398.4807,307.24423,1539.735,618.1876,5.0,0.15024687,0.0
1451.4844,520.92285,1684.8517,907.95605,11.0,0.816559,0.0
