xmin,ymin,xmax,ymax,id,conf,class
1244.3264,294.26465,1479.3632,799.0339,1.0,0.8983522,0.0
351.07187,174.35812,526.91254,437.30392,2.0,0.69205385,0.0
1317.1797,588.502,1625.8849,1068.6262,3.0,0.83228445,0.0
926.6189,26.017555,1048.4019,268.57996,4.0,0.66766185,0.0
