xmin,ymin,xmax,ymax,id,conf,class
293.19226,160.57555,510.4623,514.17957,2.0,0.230945,0.0
1098.363,375.68448,1414.2855,959.7894,3.0,0.7947783,0.0
38.732456,278.709,283.95715,675.12274,9.0,0.12869433,0.0
1110.0828,806.9031,1476.9554,1075.5559,15.0,0.6733556,0.0
509.90982,37.399216,617.3869,331.16443,17.0,0.7182464,0.0
1113.9719,97.583374,1229.9106,319.58444,16.0,0.17998558,0.0
1304.156,524.45935,1397.3264,778.33606,18.0,0.64760536,26.0
