xmin,ymin,xmax,ymax,id,conf,class
1272.2645,242.26764,1495.9333,702.2123,1.0,0.8041335,0.0
347.38132,170.71936,527.09235,444.00192,2.0,0.68726134,0.0
1240.6049,577.79645,1584.655,1070.069,3.0,0.75697684,0.0
934.3899,23.74364,1050.6031,282.39383,4.0,0.6998924,0.0
997.3017,537.5766,1281.4108,1070.5658,5.0,0.6787895,0.0
