xmin,ymin,xmax,ymax,id,conf,class
1279.3279,243.9043,1506.1447,669.5735,1.0,0.84008354,0.0
346.7291,173.0935,529.4815,439.98334,2.0,0.7139058,0.0
1250.8727,574.1581,1571.7212,1071.1837,3.0,0.79091537,0.0
935.24396,23.390228,1051.2908,281.99908,4.0,0.6770562,0.0
1036.8927,525.8072,1283.5475,961.131,5.0,0.733724,0.0
