xmin,ymin,xmax,ymax,id,conf,class
1278.2178,244.36353,1505.4642,669.07263,1.0,0.8684192,0.0
346.35754,172.49146,527.71643,442.58472,2.0,0.63999563,0.0
935.22455,23.341028,1051.3015,282.7024,3.0,0.6766619,0.0
1254.8484,577.58575,1592.0947,1071.1318,4.0,0.69370055,0.0
15.194581,237.33755,248.58337,745.00507,5.0,0.5475258,0.0
1047.9471,533.4127,1286.0532,928.6237,6.0,0.6269107,0.0
