xmin,ymin,xmax,ymax,id,conf,class
1270.506,248.50749,1494.1741,713.08295,1.0,0.8454759,0.0
349.0273,174.59276,526.1882,438.42245,2.0,0.63210374,0.0
934.10315,24.301235,1050.5957,283.33383,3.0,0.68860173,0.0
1246.3447,580.7727,1590.8435,1071.5035,4.0,0.8320259,0.0
16.746159,307.58725,239.08102,743.17175,5.0,0.41827503,0.0
991.0868,543.64923,1270.9459,1072.2706,6.0,0.7278781,0.0
