xmin,ymin,xmax,ymax,id,conf,class
1251.4852,280.07196,1477.8778,795.923,1.0,0.87669766,0.0
350.6165,173.40279,522.23456,439.05377,2.0,0.674032,0.0
928.0644,25.726624,1048.459,275.50803,3.0,0.65227735,0.0
1303.8695,600.3993,1607.8907,1069.802,4.0,0.8038666,0.0
41.30888,291.3646,299.51627,740.5472,5.0,0.58658135,0.0
984.95544,598.8184,1254.5869,1071.5098,6.0,0.71793133,0.0
