xmin,ymin,xmax,ymax,id,conf,class
1274.7908,216.39014,1452.1083,662.6293,1.0,0.82910883,0.0
367.77594,166.22522,551.3232,531.3157,2.0,0.7396223,0.0
968.05963,630.64044,1255.5559,1073.3833,3.0,0.88247985,0.0
933.3077,29.937155,1049.154,277.763,4.0,0.7096767,0.0
538.7175,104.36022,653.10333,474.88605,8.0,0.7059998,0.0
57.84698,258.46268,290.39795,668.39386,9.0,0.4379141,0.0
1385.2484,342.0254,1545.6547,679.9183,5.0,0.5841759,0.0
1412.4646,552.9194,1681.8842,940.701,11.0,0.83650535,0.0
