xmin,ymin,xmax,ymax,id,conf,class
1210.6841,120.7015,1337.7257,420.9282,1.0,0.7121896,0.0
342.98544,167.31677,519.2848,499.2356,2.0,0.44395807,0.0
944.95636,645.86255,1244.277,1072.4207,3.0,0.74088883,0.0
1071.369,94.15681,1225.308,378.8003,4.0,0.6638477,0.0
111.86011,272.41568,296.87625,624.83484,9.0,0.5964557,0.0
1360.0859,277.1386,1524.5565,618.0604,11.0,0.7977329,0.0
