xmin,ymin,xmax,ymax,id,conf,class
1270.0111,226.54375,1491.7804,647.2717,1.0,0.8149716,0.0
349.36765,166.94875,512.7536,430.68396,2.0,0.7775368,0.0
935.0485,22.941566,1050.9585,278.78485,3.0,0.66540927,0.0
1265.2422,580.22675,1561.0475,1068.8348,4.0,0.8312478,0.0
10.322385,286.64337,239.21683,751.4507,5.0,0.6431264,0.0
1045.3408,517.48596,1241.5105,805.0351,6.0,0.4268373,0.0
509.97745,103.24928,671.4406,490.11606,8.0,0.82232094,0.0
