xmin,ymin,xmax,ymax,id,conf,class
1284.1146,215.205,1467.3145,671.8352,1.0,0.8302312,0.0
347.06982,161.21994,506.15918,425.24228,2.0,0.7522048,0.0
1260.7325,600.92096,1554.7467,1070.2708,3.0,0.8789834,0.0
934.3775,23.531822,1050.8983,279.23276,4.0,0.66690934,0.0
1107.4594,485.615,1318.4412,744.61163,5.0,0.17243889,0.0
528.54034,104.5651,777.715,469.02304,8.0,0.8059398,0.0
13.229138,275.48215,294.06097,749.8976,9.0,0.54835016,0.0
