xmin,ymin,xmax,ymax,id,conf,class
1284.566,215.86447,1462.7,684.5629,1.0,0.8279265,0.0
346.4022,160.10332,505.15668,424.61807,2.0,0.75679666,0.0
933.9964,24.010685,1050.6477,280.84137,3.0,0.67101896,0.0
1261.5751,607.054,1557.5133,1070.5406,4.0,0.88045335,0.0
16.031673,302.96906,233.0421,747.854,5.0,0.38938397,0.0
1026.9502,619.81683,1339.5579,1075.1368,6.0,0.15593334,0.0
525.747,104.056694,782.2801,464.2625,8.0,0.8066456,0.0
