xmin,ymin,xmax,ymax,id,conf,class
1277.8639,244.48401,1505.3438,667.65283,1.0,0.86713874,0.0
346.3534,172.05484,526.54956,442.00397,2.0,0.6360175,0.0
935.21875,23.346786,1051.3518,282.7102,3.0,0.6775721,0.0
1254.8768,576.7338,1587.6595,1071.1953,4.0,0.69661343,0.0
15.183574,231.42618,250.20808,744.73303,5.0,0.53433776,0.0
1051.1921,532.79486,1286.7227,915.69073,6.0,0.6240034,0.0
