xmin,ymin,xmax,ymax,id,conf,class
309.5598,165.09445,514.30646,523.2918,2.0,0.32106435,0.0
1130.8848,364.0756,1409.3944,941.3716,3.0,0.8263921,0.0
35.06387,267.6363,287.57156,676.36096,9.0,0.22902864,0.0
1087.2225,840.11334,1429.8988,1075.1094,15.0,0.76487744,0.0
511.12094,39.48117,616.0039,330.88605,17.0,0.72344214,0.0
1121.3568,98.73114,1232.865,316.3595,16.0,0.16677962,0.0
1295.802,509.97696,1388.5089,766.9282,18.0,0.5600437,26.0
1226.1768,195.16553,1338.0206,371.03687,1.0,0.50174284,0.0
