xmin,ymin,xmax,ymax,id,conf,class
1277.0052,246.49252,1504.9438,685.5117,1.0,0.75216705,0.0
346.59283,176.2909,530.32684,442.244,2.0,0.5950847,0.0
934.85956,23.21072,1051.1581,281.87918,3.0,0.7017583,0.0
1255.7751,578.7559,1606.7976,1069.7351,4.0,0.6770024,0.0
15.887224,301.28418,232.53818,744.1496,5.0,0.4472932,0.0
991.45514,540.2789,1285.8765,1072.2888,6.0,0.72888654,0.0
