xmin,ymin,xmax,ymax,id,conf,class
322.20135,164.10881,537.90106,517.3002,2.0,0.4527533,0.0
931.8672,643.48035,1250.2207,1071.8253,3.0,0.8010625,0.0
1126.167,131.0547,1322.1919,423.89005,4.0,0.5319764,0.0
110.399605,271.5059,300.78607,646.6615,9.0,0.60683626,0.0
1363.0966,289.93216,1522.7097,619.6897,11.0,0.81957287,0.0
