xmin,ymin,xmax,ymax,id,conf,class
1258.3387,239.16222,1466.7622,722.26306,1.0,0.8694241,0.0
344.95508,146.08188,523.3464,442.55594,2.0,0.3899195,0.0
1233.1455,617.80524,1580.515,1072.4742,3.0,0.8445,0.0
933.89795,24.278694,1049.8871,278.34933,4.0,0.70112544,0.0
990.4039,541.43677,1256.1888,1069.3783,5.0,0.7449977,0.0
