xmin,ymin,xmax,ymax,id,conf,class
1253.1017,262.19168,1472.3953,775.23987,1.0,0.8596505,0.0
351.93976,174.13593,524.4293,439.65515,2.0,0.67085034,0.0
932.0956,24.60641,1048.7106,279.35074,3.0,0.6856373,0.0
1275.8981,619.7557,1594.5193,1071.8462,4.0,0.8248828,0.0
44.592022,281.21048,298.46307,737.4411,5.0,0.4365844,0.0
982.3895,599.97784,1228.8486,1074.1118,6.0,0.73501927,0.0
