xmin,ymin,xmax,ymax,id,conf,class
1250.7839,249.09926,1460.044,746.9245,1.0,0.8876731,0.0
353.4096,173.70633,523.378,443.43735,2.0,0.7050818,0.0
932.3426,24.980932,1048.872,277.76163,3.0,0.7047287,0.0
1262.312,634.8885,1585.7388,1071.9271,4.0,0.7832436,0.0
43.576046,310.10968,296.33505,738.25446,5.0,0.42575702,0.0
983.14453,592.0882,1214.9823,1071.4869,6.0,0.8098119,0.0
287.08514,106.47422,382.61752,353.58084,7.0,0.5396065,0.0
