xmin,ymin,xmax,ymax,id,conf,class
1251.9751,244.97612,1458.3887,721.6244,1.0,0.9042787,0.0
352.82703,172.70517,522.52673,442.84286,2.0,0.70595914,0.0
933.7973,24.075783,1049.338,273.67978,3.0,0.70437515,0.0
1251.7705,641.01843,1580.8901,1071.4485,4.0,0.8064586,0.0
41.05511,319.37854,275.45737,742.03577,5.0,0.32514763,0.0
979.3387,555.20795,1241.5326,1069.6605,6.0,0.7178237,0.0
281.31152,109.96268,375.03378,343.71014,7.0,0.3414269,0.0
