xmin,ymin,xmax,ymax,id,conf,class
1277.5015,246.3217,1505.5907,668.56213,1.0,0.82767403,0.0
346.50455,172.16693,526.5895,437.92676,2.0,0.7183253,0.0
935.06885,23.280243,1051.3835,282.25455,3.0,0.6742271,0.0
1256.3857,573.1423,1570.3508,1071.216,4.0,0.79240346,0.0
15.087708,270.20016,239.98825,744.6178,5.0,0.516963,0.0
1051.3757,527.2259,1282.8292,905.8568,6.0,0.7517521,0.0
