xmin,ymin,xmax,ymax,id,conf,class
1277.2568,243.30052,1504.3828,654.382,1.0,0.8729582,0.0
348.17334,169.85776,525.2087,433.4293,2.0,0.74767125,0.0
935.2799,23.152313,1051.3921,282.14587,3.0,0.67546064,0.0
1261.2992,574.39075,1559.0651,1069.4233,4.0,0.82746893,0.0
14.526552,295.60904,234.65033,745.18427,5.0,0.6103089,0.0
1046.6976,516.7128,1304.37,896.9679,6.0,0.15896997,0.0
