xmin,ymin,xmax,ymax,id,conf,class
1275.6588,213.97386,1458.3499,666.43646,1.0,0.82853484,0.0
381.02786,164.73836,544.6856,532.13995,2.0,0.5974997,0.0
973.4333,635.5756,1253.5762,1072.2875,3.0,0.8994336,0.0
933.017,27.012627,1047.6388,283.29117,4.0,0.6472142,0.0
77.47959,261.41202,290.57465,676.2165,9.0,0.40932858,0.0
1469.6184,489.80194,1707.5183,859.15936,11.0,0.8668817,0.0
