xmin,ymin,xmax,ymax,id,conf,class
1254.1808,270.37122,1476.1354,794.28613,1.0,0.85747284,0.0
351.1547,173.89763,523.7361,439.48373,2.0,0.6953233,0.0
930.4309,25.016947,1048.7081,279.02963,3.0,0.68974316,0.0
1291.4886,608.7114,1599.2354,1072.4642,4.0,0.8632775,0.0
43.92182,268.1487,300.2856,738.97064,5.0,0.6129611,0.0
983.0126,600.40076,1243.4059,1072.1232,6.0,0.77091396,0.0
