xmin,ymin,xmax,ymax,id,conf,class
1269.9288,212.15805,1455.4176,668.446,1.0,0.842849,0.0
261.73532,174.5559,515.45514,542.01447,2.0,0.72546345,0.0
980.8648,642.1252,1260.3241,1072.6296,3.0,0.87732494,0.0
884.2157,19.24929,1024.1896,264.4664,4.0,0.70542103,0.0
109.9906,264.4348,305.60678,692.4655,9.0,0.5911099,0.0
1529.6666,440.78595,1740.0997,802.1997,11.0,0.82644624,0.0
