xmin,ymin,xmax,ymax,id,conf,class
333.27585,126.03391,524.557,530.11414,2.0,0.60878175,0.0
947.442,653.16,1349.6204,1071.3484,3.0,0.87305784,0.0
1292.7462,221.06859,1515.6326,745.4923,4.0,0.8955716,0.0
107.08994,263.22318,303.24094,652.9889,9.0,0.6723989,0.0
1392.2113,631.8792,1812.4728,1066.1254,15.0,0.6323212,16.0
1172.4052,98.604034,1309.5388,406.44205,1.0,0.37467137,0.0
1075.5405,72.86223,1196.087,369.5494,16.0,0.68890077,0.0
