xmin,ymin,xmax,ymax,id,conf,class
1278.2627,238.99614,1501.2604,651.5308,1.0,0.8218297,0.0
348.34195,170.11084,520.93866,435.33713,2.0,0.77029115,0.0
1257.0087,575.56287,1562.75,1070.0845,3.0,0.8459377,0.0
935.4171,23.019655,1051.1556,279.6289,4.0,0.66730005,0.0
1044.3413,514.7397,1333.6578,907.58417,5.0,0.14011283,0.0
