xmin,ymin,xmax,ymax,id,conf,class
1251.9921,277.8573,1478.2909,795.548,1.0,0.8769399,0.0
350.70825,173.41379,522.1961,439.01175,2.0,0.67704564,0.0
928.25854,25.806849,1048.4753,275.74768,3.0,0.65160763,0.0
1302.7657,602.0772,1606.4282,1070.2496,4.0,0.8045098,0.0
41.44435,290.66824,302.02094,740.1954,5.0,0.5657582,0.0
985.3881,598.1784,1253.6002,1071.8317,6.0,0.7273365,0.0
