xmin,ymin,xmax,ymax,id,conf,class
1229.1195,296.36908,1477.2877,805.07526,1.0,0.9068681,0.0
352.6461,173.5845,528.80804,437.2596,2.0,0.7391435,0.0
926.77094,27.047022,1048.34,265.70297,3.0,0.67132056,0.0
1325.4648,585.7667,1647.3793,1068.3228,4.0,0.8258629,0.0
39.151028,336.05353,230.72806,736.8297,5.0,0.2754938,0.0
996.5042,547.7736,1293.1725,1067.017,6.0,0.5922524,0.0
