xmin,ymin,xmax,ymax,id,conf,class
1274.6499,216.28882,1455.1045,498.55316,1.0,0.84165204,0.0
334.47083,157.95029,490.23892,403.09665,2.0,0.73889077,0.0
927.8216,24.076712,1047.6298,280.55832,3.0,0.6217484,0.0
1230.8314,650.16595,1553.2526,1074.641,4.0,0.7956478,0.0
16.839415,313.73077,234.05077,745.5961,5.0,0.44514987,0.0
556.0006,114.16846,777.7381,489.06604,8.0,0.7758828,0.0
408.16254,52.396206,522.33185,374.72415,9.0,0.5172079,0.0
1146.7812,447.81238,1303.5232,844.72565,10.0,0.57984513,0.0
