xmin,ymin,xmax,ymax,id,conf,class
1282.8368,215.866,1461.3348,679.4512,1.0,0.81629044,0.0
345.90704,160.3746,504.73706,426.19293,2.0,0.7788971,0.0
933.9972,24.034988,1050.5404,280.40048,3.0,0.67299163,0.0
1261.4746,611.3397,1557.6056,1070.914,4.0,0.8620519,0.0
16.269705,303.06656,232.7683,747.09,5.0,0.39564204,0.0
537.36646,105.82284,781.31055,455.5233,8.0,0.75910074,0.0
