xmin,ymin,xmax,ymax,id,conf,class
347.53592,146.52975,522.0583,509.15802,2.0,0.5851997,0.0
999.4298,612.1352,1353.868,1067.8328,3.0,0.82761306,0.0
1332.3665,285.7397,1562.7097,835.57513,4.0,0.8762033,0.0
108.34926,263.73343,300.56485,661.2706,9.0,0.6596948,0.0
1311.137,606.01263,1744.6686,1064.8445,15.0,0.6786757,0.0
1158.108,92.45427,1303.7697,401.52313,1.0,0.71866566,0.0
