xmin,ymin,xmax,ymax,id,conf,class
326.87344,167.36923,534.63513,514.6747,2.0,0.17455733,0.0
1144.4446,315.0453,1406.7534,862.53143,3.0,0.8718777,0.0
26.83802,225.78537,266.24246,709.9361,9.0,0.15420511,0.0
936.18134,844.49664,1259.5342,1075.4161,15.0,0.7338408,0.0
513.5228,40.69335,617.71875,329.2321,17.0,0.7183174,0.0
1092.2085,93.541046,1239.6237,348.57852,16.0,0.472089,0.0
1317.6196,420.26584,1403.549,678.03174,18.0,0.48855582,26.0
1237.9808,189.592,1320.9669,321.90085,1.0,0.48663136,0.0
