xmin,ymin,xmax,ymax,id,conf,class
1272.9845,210.11212,1456.0919,643.73456,1.0,0.8753942,0.0
271.05582,179.62366,501.66788,536.1084,2.0,0.5510317,0.0
962.7686,647.284,1268.5714,1074.0675,3.0,0.9213883,0.0
877.3857,31.068356,1030.3397,247.5212,4.0,0.722717,0.0
114.86031,262.60938,294.00238,684.58594,9.0,0.6165107,0.0
1520.2709,440.3014,1748.5066,793.06586,11.0,0.8406763,0.0
