xmin,ymin,xmax,ymax,id,conf,class
1270.3627,209.58742,1453.2642,649.30084,1.0,0.87454396,0.0
265.00156,180.85262,505.3015,540.07056,2.0,0.5156807,0.0
966.4136,646.05914,1271.061,1074.3944,3.0,0.88684046,0.0
886.1693,30.598236,1036.3792,259.82547,4.0,0.7477685,0.0
113.54852,262.88013,296.87668,706.0589,9.0,0.6081165,0.0
1528.8965,442.4613,1750.237,800.2878,11.0,0.8529314,0.0
