xmin,ymin,xmax,ymax,id,conf,class
1261.746,242.1015,1480.9613,717.71295,1.0,0.84563094,0.0
347.91843,159.08562,525.3646,444.8675,2.0,0.62995535,0.0
1230.0082,596.9776,1592.969,1071.7858,3.0,0.84344757,0.0
933.5808,24.863142,1050.1361,281.80307,4.0,0.70067906,0.0
991.335,537.3628,1265.6829,1070.8942,5.0,0.74916506,0.0
