xmin,ymin,xmax,ymax,id,conf,class
1278.424,244.6436,1503.5071,693.10126,1.0,0.832018,0.0
347.22614,177.48868,528.1122,442.1551,2.0,0.68159306,0.0
935.04224,23.141293,1050.8192,281.33783,3.0,0.68910766,0.0
1253.7179,568.3241,1581.5282,1069.546,4.0,0.7632344,0.0
16.302437,311.83014,231.67787,744.0902,5.0,0.41813007,0.0
994.21954,541.48663,1286.7172,1072.2416,6.0,0.6989266,0.0
